customer_id,multi_order_count,total_order_count,multi_order_ratio,customer_segment
Customer_0,2,25,0.08,Low
Customer_1,3,36,0.08333333333333333,Low
Customer_10,5,46,0.10869565217391304,Medium
Customer_100,2,40,0.05,Low
Customer_1000,6,37,0.16216216216216217,Medium
Customer_1001,4,37,0.10810810810810811,Medium
Customer_1002,1,22,0.045454545454545456,Low
Customer_1003,1,21,0.047619047619047616,Low
Customer_1004,4,41,0.0975609756097561,Low
Customer_1005,10,56,0.17857142857142858,Medium
Customer_1006,5,41,0.12195121951219512,Medium
Customer_1007,1,15,0.06666666666666667,Low
Customer_1008,11,73,0.1506849315068493,Medium
Customer_1009,1,23,0.043478260869565216,Low
Customer_101,5,29,0.1724137931034483,Medium
Customer_1010,2,24,0.08333333333333333,Low
Customer_1011,2,33,0.06060606060606061,Low
Customer_1012,0,23,0.0,Low
Customer_1013,7,38,0.18421052631578946,Medium
Customer_1014,8,45,0.17777777777777778,Medium
Customer_1015,2,38,0.05263157894736842,Low
Customer_1016,19,74,0.25675675675675674,High
Customer_1017,14,55,0.2545454545454545,High
Customer_1018,9,47,0.19148936170212766,Medium
Customer_1019,4,29,0.13793103448275862,Medium
Customer_102,4,37,0.10810810810810811,Medium
Customer_1020,0,15,0.0,Low
Customer_1021,8,49,0.16326530612244897,Medium
Customer_1022,3,39,0.07692307692307693,Low
Customer_1023,5,37,0.13513513513513514,Medium
Customer_1024,3,29,0.10344827586206896,Medium
Customer_1025,10,50,0.2,High
Customer_1026,7,42,0.16666666666666666,Medium
Customer_1027,5,41,0.12195121951219512,Medium
Customer_1028,3,46,0.06521739130434782,Low
Customer_1029,2,32,0.0625,Low
Customer_103,2,30,0.06666666666666667,Low
Customer_1030,1,38,0.02631578947368421,Low
Customer_1031,7,41,0.17073170731707318,Medium
Customer_1032,8,54,0.14814814814814814,Medium
Customer_1033,8,53,0.1509433962264151,Medium
Customer_1034,10,54,0.18518518518518517,Medium
Customer_1035,2,34,0.058823529411764705,Low
Customer_1036,7,50,0.14,Medium
Customer_1037,2,34,0.058823529411764705,Low
Customer_1038,8,43,0.18604651162790697,Medium
Customer_1039,3,31,0.0967741935483871,Low
Customer_104,3,30,0.1,Medium
Customer_1040,3,22,0.13636363636363635,Medium
Customer_1041,0,18,0.0,Low
Customer_1042,10,52,0.19230769230769232,Medium
Customer_1043,2,25,0.08,Low
Customer_1044,7,41,0.17073170731707318,Medium
Customer_1045,6,55,0.10909090909090909,Medium
Customer_1046,2,30,0.06666666666666667,Low
Customer_1047,4,34,0.11764705882352941,Medium
Customer_1048,6,45,0.13333333333333333,Medium
Customer_1049,3,34,0.08823529411764706,Low
Customer_105,3,49,0.061224489795918366,Low
Customer_1050,1,22,0.045454545454545456,Low
Customer_1051,5,35,0.14285714285714285,Medium
Customer_1052,3,36,0.08333333333333333,Low
Customer_1053,0,32,0.0,Low
Customer_1054,4,40,0.1,Medium
Customer_1055,1,27,0.037037037037037035,Low
Customer_1056,12,60,0.2,High
Customer_1057,17,57,0.2982456140350877,High
Customer_1058,1,18,0.05555555555555555,Low
Customer_1059,6,46,0.13043478260869565,Medium
Customer_106,10,63,0.15873015873015872,Medium
Customer_1060,3,46,0.06521739130434782,Low
Customer_1061,5,28,0.17857142857142858,Medium
Customer_1062,1,25,0.04,Low
Customer_1063,6,33,0.18181818181818182,Medium
Customer_1064,4,39,0.10256410256410256,Medium
Customer_1065,2,22,0.09090909090909091,Low
Customer_1066,4,34,0.11764705882352941,Medium
Customer_1067,3,42,0.07142857142857142,Low
Customer_1068,4,30,0.13333333333333333,Medium
Customer_1069,6,43,0.13953488372093023,Medium
Customer_107,4,34,0.11764705882352941,Medium
Customer_1070,6,43,0.13953488372093023,Medium
Customer_1071,10,77,0.12987012987012986,Medium
Customer_1072,0,17,0.0,Low
Customer_1073,3,34,0.08823529411764706,Low
Customer_1074,0,14,0.0,Low
Customer_1075,4,35,0.11428571428571428,Medium
Customer_1076,3,27,0.1111111111111111,Medium
Customer_1077,6,42,0.14285714285714285,Medium
Customer_1078,1,25,0.04,Low
Customer_1079,7,36,0.19444444444444445,Medium
Customer_108,3,26,0.11538461538461539,Medium
Customer_1080,1,30,0.03333333333333333,Low
Customer_1081,16,78,0.20512820512820512,High
Customer_1082,3,25,0.12,Medium
Customer_1083,0,19,0.0,Low
Customer_1084,3,35,0.08571428571428572,Low
Customer_1085,12,50,0.24,High
Customer_1086,13,41,0.3170731707317073,Very High
Customer_1087,4,29,0.13793103448275862,Medium
Customer_1088,0,22,0.0,Low
Customer_1089,5,39,0.1282051282051282,Medium
Customer_109,6,34,0.17647058823529413,Medium
Customer_1090,3,36,0.08333333333333333,Low
Customer_1091,13,58,0.22413793103448276,High
Customer_1092,2,25,0.08,Low
Customer_1093,2,40,0.05,Low
Customer_1094,4,21,0.19047619047619047,Medium
Customer_1095,1,23,0.043478260869565216,Low
Customer_1096,2,27,0.07407407407407407,Low
Customer_1097,9,48,0.1875,Medium
Customer_1098,6,40,0.15,Medium
Customer_1099,12,43,0.27906976744186046,High
Customer_11,3,18,0.16666666666666666,Medium
Customer_110,2,27,0.07407407407407407,Low
Customer_1100,1,22,0.045454545454545456,Low
Customer_1101,10,44,0.22727272727272727,High
Customer_1102,2,24,0.08333333333333333,Low
Customer_1103,2,36,0.05555555555555555,Low
Customer_1104,3,47,0.06382978723404255,Low
Customer_1105,3,38,0.07894736842105263,Low
Customer_1106,1,35,0.02857142857142857,Low
Customer_1107,5,40,0.125,Medium
Customer_1108,3,40,0.075,Low
Customer_1109,2,27,0.07407407407407407,Low
Customer_111,4,33,0.12121212121212122,Medium
Customer_1110,3,30,0.1,Medium
Customer_1111,1,21,0.047619047619047616,Low
Customer_1112,1,23,0.043478260869565216,Low
Customer_1113,13,63,0.20634920634920634,High
Customer_1114,6,40,0.15,Medium
Customer_1115,2,18,0.1111111111111111,Medium
Customer_1116,10,53,0.18867924528301888,Medium
Customer_1117,0,12,0.0,Low
Customer_1118,4,26,0.15384615384615385,Medium
Customer_1119,3,34,0.08823529411764706,Low
Customer_112,5,37,0.13513513513513514,Medium
Customer_1120,4,32,0.125,Medium
Customer_1121,5,31,0.16129032258064516,Medium
Customer_1122,3,31,0.0967741935483871,Low
Customer_1123,5,39,0.1282051282051282,Medium
Customer_1124,6,31,0.1935483870967742,Medium
Customer_1125,2,29,0.06896551724137931,Low
Customer_1126,2,15,0.13333333333333333,Medium
Customer_1127,8,43,0.18604651162790697,Medium
Customer_1128,6,46,0.13043478260869565,Medium
Customer_1129,22,65,0.3384615384615385,Very High
Customer_113,5,46,0.10869565217391304,Medium
Customer_1130,4,48,0.08333333333333333,Low
Customer_1131,11,47,0.23404255319148937,High
Customer_1132,4,46,0.08695652173913043,Low
Customer_1133,2,28,0.07142857142857142,Low
Customer_1134,16,56,0.2857142857142857,High
Customer_1135,5,40,0.125,Medium
Customer_1136,5,29,0.1724137931034483,Medium
Customer_1137,3,22,0.13636363636363635,Medium
Customer_1138,3,35,0.08571428571428572,Low
Customer_1139,6,29,0.20689655172413793,High
Customer_114,3,36,0.08333333333333333,Low
Customer_1140,3,35,0.08571428571428572,Low
Customer_1141,2,25,0.08,Low
Customer_1142,5,33,0.15151515151515152,Medium
Customer_1143,0,16,0.0,Low
Customer_1144,2,20,0.1,Medium
Customer_1145,0,22,0.0,Low
Customer_1146,5,23,0.21739130434782608,High
Customer_1147,6,40,0.15,Medium
Customer_1148,8,44,0.18181818181818182,Medium
Customer_1149,3,26,0.11538461538461539,Medium
Customer_115,6,44,0.13636363636363635,Medium
Customer_1150,8,46,0.17391304347826086,Medium
Customer_1151,4,31,0.12903225806451613,Medium
Customer_1152,2,17,0.11764705882352941,Medium
Customer_1153,2,24,0.08333333333333333,Low
Customer_1154,12,53,0.22641509433962265,High
Customer_1155,6,33,0.18181818181818182,Medium
Customer_1156,5,40,0.125,Medium
Customer_1157,0,8,0.0,Low
Customer_1158,4,36,0.1111111111111111,Medium
Customer_1159,1,23,0.043478260869565216,Low
Customer_116,1,36,0.027777777777777776,Low
Customer_1160,3,44,0.06818181818181818,Low
Customer_1161,1,24,0.041666666666666664,Low
Customer_1162,3,34,0.08823529411764706,Low
Customer_1163,1,28,0.03571428571428571,Low
Customer_1164,4,27,0.14814814814814814,Medium
Customer_1165,0,8,0.0,Low
Customer_1166,8,40,0.2,High
Customer_1167,1,19,0.05263157894736842,Low
Customer_1168,4,20,0.2,High
Customer_1169,5,33,0.15151515151515152,Medium
Customer_117,5,25,0.2,High
Customer_1170,2,29,0.06896551724137931,Low
Customer_1171,2,23,0.08695652173913043,Low
Customer_1172,3,25,0.12,Medium
Customer_1173,0,12,0.0,Low
Customer_1174,5,35,0.14285714285714285,Medium
Customer_1175,6,34,0.17647058823529413,Medium
Customer_1176,6,34,0.17647058823529413,Medium
Customer_1177,0,17,0.0,Low
Customer_1178,5,31,0.16129032258064516,Medium
Customer_1179,2,23,0.08695652173913043,Low
Customer_118,5,46,0.10869565217391304,Medium
Customer_1180,4,29,0.13793103448275862,Medium
Customer_1181,9,44,0.20454545454545456,High
Customer_1182,1,19,0.05263157894736842,Low
Customer_1183,4,29,0.13793103448275862,Medium
Customer_1184,8,37,0.21621621621621623,High
Customer_1185,3,20,0.15,Medium
Customer_1186,1,17,0.058823529411764705,Low
Customer_1187,3,31,0.0967741935483871,Low
Customer_1188,7,35,0.2,High
Customer_1189,1,23,0.043478260869565216,Low
Customer_119,4,40,0.1,Medium
Customer_1190,3,23,0.13043478260869565,Medium
Customer_1191,4,27,0.14814814814814814,Medium
Customer_1192,1,25,0.04,Low
Customer_1193,3,24,0.125,Medium
Customer_1194,4,40,0.1,Medium
Customer_1195,2,21,0.09523809523809523,Low
Customer_1196,4,30,0.13333333333333333,Medium
Customer_1197,15,59,0.2542372881355932,High
Customer_1198,6,26,0.23076923076923078,High
Customer_1199,2,20,0.1,Medium
Customer_12,3,36,0.08333333333333333,Low
Customer_120,1,25,0.04,Low
Customer_1200,8,52,0.15384615384615385,Medium
Customer_1201,1,18,0.05555555555555555,Low
Customer_1202,7,37,0.1891891891891892,Medium
Customer_1203,1,20,0.05,Low
Customer_1204,3,33,0.09090909090909091,Low
Customer_1205,3,28,0.10714285714285714,Medium
Customer_1206,8,23,0.34782608695652173,Very High
Customer_1207,4,23,0.17391304347826086,Medium
Customer_1208,1,20,0.05,Low
Customer_1209,6,31,0.1935483870967742,Medium
Customer_121,6,43,0.13953488372093023,Medium
Customer_1210,1,18,0.05555555555555555,Low
Customer_1211,3,25,0.12,Medium
Customer_1212,9,33,0.2727272727272727,High
Customer_1213,2,14,0.14285714285714285,Medium
Customer_1214,3,19,0.15789473684210525,Medium
Customer_1215,3,28,0.10714285714285714,Medium
Customer_1216,1,15,0.06666666666666667,Low
Customer_1217,3,32,0.09375,Low
Customer_1218,4,40,0.1,Medium
Customer_1219,5,30,0.16666666666666666,Medium
Customer_122,6,54,0.1111111111111111,Medium
Customer_1220,0,16,0.0,Low
Customer_1221,1,17,0.058823529411764705,Low
Customer_1222,8,43,0.18604651162790697,Medium
Customer_1223,5,20,0.25,High
Customer_1224,3,30,0.1,Medium
Customer_1225,3,18,0.16666666666666666,Medium
Customer_1226,2,28,0.07142857142857142,Low
Customer_1227,0,13,0.0,Low
Customer_1228,0,6,0.0,Low
Customer_1229,3,24,0.125,Medium
Customer_123,6,38,0.15789473684210525,Medium
Customer_1230,7,29,0.2413793103448276,High
Customer_1231,6,31,0.1935483870967742,Medium
Customer_1232,2,27,0.07407407407407407,Low
Customer_1233,10,50,0.2,High
Customer_1234,10,35,0.2857142857142857,High
Customer_1235,3,30,0.1,Medium
Customer_1236,1,26,0.038461538461538464,Low
Customer_1237,8,35,0.22857142857142856,High
Customer_1238,2,30,0.06666666666666667,Low
Customer_1239,8,36,0.2222222222222222,High
Customer_124,0,33,0.0,Low
Customer_1240,5,28,0.17857142857142858,Medium
Customer_1241,1,23,0.043478260869565216,Low
Customer_1242,0,23,0.0,Low
Customer_1243,2,28,0.07142857142857142,Low
Customer_1244,1,16,0.0625,Low
Customer_1245,2,24,0.08333333333333333,Low
Customer_1246,4,33,0.12121212121212122,Medium
Customer_1247,0,15,0.0,Low
Customer_1248,7,36,0.19444444444444445,Medium
Customer_1249,0,17,0.0,Low
Customer_125,6,37,0.16216216216216217,Medium
Customer_1250,2,23,0.08695652173913043,Low
Customer_1251,3,34,0.08823529411764706,Low
Customer_1252,6,28,0.21428571428571427,High
Customer_1253,7,34,0.20588235294117646,High
Customer_1254,1,17,0.058823529411764705,Low
Customer_1255,7,36,0.19444444444444445,Medium
Customer_1256,4,25,0.16,Medium
Customer_1257,4,34,0.11764705882352941,Medium
Customer_1258,5,41,0.12195121951219512,Medium
Customer_1259,1,22,0.045454545454545456,Low
Customer_126,8,49,0.16326530612244897,Medium
Customer_1260,2,20,0.1,Medium
Customer_1261,2,25,0.08,Low
Customer_1262,1,23,0.043478260869565216,Low
Customer_1263,7,35,0.2,High
Customer_1264,0,25,0.0,Low
Customer_1265,2,25,0.08,Low
Customer_1266,2,27,0.07407407407407407,Low
Customer_1267,4,26,0.15384615384615385,Medium
Customer_1268,2,30,0.06666666666666667,Low
Customer_1269,7,37,0.1891891891891892,Medium
Customer_127,5,52,0.09615384615384616,Low
Customer_1270,5,32,0.15625,Medium
Customer_1271,2,15,0.13333333333333333,Medium
Customer_1272,6,37,0.16216216216216217,Medium
Customer_1273,4,35,0.11428571428571428,Medium
Customer_1274,3,19,0.15789473684210525,Medium
Customer_1275,2,28,0.07142857142857142,Low
Customer_1276,2,21,0.09523809523809523,Low
Customer_1277,2,23,0.08695652173913043,Low
Customer_1278,6,26,0.23076923076923078,High
Customer_1279,8,37,0.21621621621621623,High
Customer_128,7,48,0.14583333333333334,Medium
Customer_1280,1,20,0.05,Low
Customer_1281,0,11,0.0,Low
Customer_1282,1,10,0.1,Medium
Customer_1283,2,27,0.07407407407407407,Low
Customer_1284,3,26,0.11538461538461539,Medium
Customer_1285,3,21,0.14285714285714285,Medium
Customer_1286,2,26,0.07692307692307693,Low
Customer_1287,7,32,0.21875,High
Customer_1288,4,33,0.12121212121212122,Medium
Customer_1289,2,34,0.058823529411764705,Low
Customer_129,5,37,0.13513513513513514,Medium
Customer_1290,5,22,0.22727272727272727,High
Customer_1291,3,14,0.21428571428571427,High
Customer_1292,2,23,0.08695652173913043,Low
Customer_1293,5,35,0.14285714285714285,Medium
Customer_1294,7,29,0.2413793103448276,High
Customer_1295,2,24,0.08333333333333333,Low
Customer_1296,8,28,0.2857142857142857,High
Customer_1297,3,31,0.0967741935483871,Low
Customer_1298,6,30,0.2,High
Customer_1299,8,46,0.17391304347826086,Medium
Customer_13,0,37,0.0,Low
Customer_130,6,50,0.12,Medium
Customer_1300,6,31,0.1935483870967742,Medium
Customer_1301,4,35,0.11428571428571428,Medium
Customer_1302,1,18,0.05555555555555555,Low
Customer_1303,1,18,0.05555555555555555,Low
Customer_1304,6,22,0.2727272727272727,High
Customer_1305,1,18,0.05555555555555555,Low
Customer_1306,1,11,0.09090909090909091,Low
Customer_1307,1,11,0.09090909090909091,Low
Customer_1308,4,24,0.16666666666666666,Medium
Customer_1309,0,15,0.0,Low
Customer_131,0,30,0.0,Low
Customer_1310,2,19,0.10526315789473684,Medium
Customer_1311,6,29,0.20689655172413793,High
Customer_1312,2,27,0.07407407407407407,Low
Customer_1313,1,18,0.05555555555555555,Low
Customer_1314,2,21,0.09523809523809523,Low
Customer_1315,3,29,0.10344827586206896,Medium
Customer_1316,0,4,0.0,Low
Customer_1317,5,21,0.23809523809523808,High
Customer_1318,4,25,0.16,Medium
Customer_1319,2,19,0.10526315789473684,Medium
Customer_132,5,40,0.125,Medium
Customer_1320,2,28,0.07142857142857142,Low
Customer_1321,5,25,0.2,High
Customer_1322,0,27,0.0,Low
Customer_1323,1,17,0.058823529411764705,Low
Customer_1324,1,11,0.09090909090909091,Low
Customer_1325,6,24,0.25,High
Customer_1326,0,7,0.0,Low
Customer_1327,2,17,0.11764705882352941,Medium
Customer_1328,2,23,0.08695652173913043,Low
Customer_1329,2,22,0.09090909090909091,Low
Customer_133,1,31,0.03225806451612903,Low
Customer_1330,4,26,0.15384615384615385,Medium
Customer_1331,3,22,0.13636363636363635,Medium
Customer_1332,6,36,0.16666666666666666,Medium
Customer_1333,4,22,0.18181818181818182,Medium
Customer_1334,13,42,0.30952380952380953,Very High
Customer_1335,2,20,0.1,Medium
Customer_1336,0,10,0.0,Low
Customer_1337,2,23,0.08695652173913043,Low
Customer_1338,3,21,0.14285714285714285,Medium
Customer_1339,1,21,0.047619047619047616,Low
Customer_134,6,42,0.14285714285714285,Medium
Customer_1340,3,21,0.14285714285714285,Medium
Customer_1341,5,25,0.2,High
Customer_1342,4,23,0.17391304347826086,Medium
Customer_1343,1,16,0.0625,Low
Customer_1344,5,23,0.21739130434782608,High
Customer_1345,4,17,0.23529411764705882,High
Customer_1346,3,20,0.15,Medium
Customer_1347,0,12,0.0,Low
Customer_1348,5,31,0.16129032258064516,Medium
Customer_1349,0,7,0.0,Low
Customer_135,3,28,0.10714285714285714,Medium
Customer_1350,5,25,0.2,High
Customer_1351,3,29,0.10344827586206896,Medium
Customer_1352,5,22,0.22727272727272727,High
Customer_1353,3,17,0.17647058823529413,Medium
Customer_1354,5,30,0.16666666666666666,Medium
Customer_1355,1,6,0.16666666666666666,Medium
Customer_1356,4,22,0.18181818181818182,Medium
Customer_1357,7,23,0.30434782608695654,Very High
Customer_1358,1,17,0.058823529411764705,Low
Customer_1359,0,16,0.0,Low
Customer_136,2,37,0.05405405405405406,Low
Customer_1360,0,7,0.0,Low
Customer_1361,5,18,0.2777777777777778,High
Customer_1362,3,17,0.17647058823529413,Medium
Customer_1363,0,7,0.0,Low
Customer_1364,8,27,0.2962962962962963,High
Customer_1365,3,23,0.13043478260869565,Medium
Customer_1366,3,26,0.11538461538461539,Medium
Customer_1367,1,17,0.058823529411764705,Low
Customer_1368,5,26,0.19230769230769232,Medium
Customer_1369,4,20,0.2,High
Customer_137,9,39,0.23076923076923078,High
Customer_1370,6,28,0.21428571428571427,High
Customer_1371,0,11,0.0,Low
Customer_1372,1,13,0.07692307692307693,Low
Customer_1373,1,15,0.06666666666666667,Low
Customer_1374,7,16,0.4375,Very High
Customer_1375,3,17,0.17647058823529413,Medium
Customer_1376,3,20,0.15,Medium
Customer_1377,1,16,0.0625,Low
Customer_1378,2,9,0.2222222222222222,High
Customer_1379,0,16,0.0,Low
Customer_138,5,36,0.1388888888888889,Medium
Customer_1380,1,16,0.0625,Low
Customer_1381,1,19,0.05263157894736842,Low
Customer_1382,5,25,0.2,High
Customer_1383,1,20,0.05,Low
Customer_1384,3,13,0.23076923076923078,High
Customer_1385,2,17,0.11764705882352941,Medium
Customer_1386,2,16,0.125,Medium
Customer_1387,0,11,0.0,Low
Customer_1388,9,20,0.45,Very High
Customer_1389,0,3,0.0,Low
Customer_139,6,53,0.11320754716981132,Medium
Customer_1390,4,21,0.19047619047619047,Medium
Customer_1391,6,23,0.2608695652173913,High
Customer_1392,0,19,0.0,Low
Customer_1393,1,10,0.1,Medium
Customer_1394,5,19,0.2631578947368421,High
Customer_1395,5,27,0.18518518518518517,Medium
Customer_1396,2,15,0.13333333333333333,Medium
Customer_1397,0,9,0.0,Low
Customer_1398,0,11,0.0,Low
Customer_1399,2,11,0.18181818181818182,Medium
Customer_14,2,40,0.05,Low
Customer_140,2,31,0.06451612903225806,Low
Customer_1400,3,18,0.16666666666666666,Medium
Customer_1401,2,13,0.15384615384615385,Medium
Customer_1402,0,6,0.0,Low
Customer_1403,5,30,0.16666666666666666,Medium
Customer_1404,4,20,0.2,High
Customer_1405,2,15,0.13333333333333333,Medium
Customer_1406,0,5,0.0,Low
Customer_1407,4,22,0.18181818181818182,Medium
Customer_1408,1,12,0.08333333333333333,Low
Customer_1409,2,11,0.18181818181818182,Medium
Customer_141,7,57,0.12280701754385964,Medium
Customer_1410,0,7,0.0,Low
Customer_1411,0,10,0.0,Low
Customer_1412,0,12,0.0,Low
Customer_1413,2,21,0.09523809523809523,Low
Customer_1414,0,13,0.0,Low
Customer_1415,1,12,0.08333333333333333,Low
Customer_1416,1,20,0.05,Low
Customer_1417,2,10,0.2,High
Customer_1418,2,13,0.15384615384615385,Medium
Customer_1419,0,9,0.0,Low
Customer_142,1,41,0.024390243902439025,Low
Customer_1420,6,18,0.3333333333333333,Very High
Customer_1421,0,5,0.0,Low
Customer_1422,1,7,0.14285714285714285,Medium
Customer_1423,0,8,0.0,Low
Customer_1424,1,8,0.125,Medium
Customer_1425,2,14,0.14285714285714285,Medium
Customer_1426,4,22,0.18181818181818182,Medium
Customer_1427,2,18,0.1111111111111111,Medium
Customer_1428,2,21,0.09523809523809523,Low
Customer_1429,4,21,0.19047619047619047,Medium
Customer_143,8,44,0.18181818181818182,Medium
Customer_1430,3,16,0.1875,Medium
Customer_1431,0,8,0.0,Low
Customer_1432,1,9,0.1111111111111111,Medium
Customer_1433,0,9,0.0,Low
Customer_1434,1,11,0.09090909090909091,Low
Customer_1435,1,7,0.14285714285714285,Medium
Customer_1436,1,9,0.1111111111111111,Medium
Customer_1437,1,9,0.1111111111111111,Medium
Customer_1438,3,19,0.15789473684210525,Medium
Customer_1439,2,13,0.15384615384615385,Medium
Customer_144,1,21,0.047619047619047616,Low
Customer_1440,0,11,0.0,Low
Customer_1441,0,5,0.0,Low
Customer_1442,0,3,0.0,Low
Customer_1443,0,12,0.0,Low
Customer_1444,9,28,0.32142857142857145,Very High
Customer_1445,0,8,0.0,Low
Customer_1446,3,16,0.1875,Medium
Customer_1447,0,12,0.0,Low
Customer_1448,5,33,0.15151515151515152,Medium
Customer_1449,6,21,0.2857142857142857,High
Customer_145,6,45,0.13333333333333333,Medium
Customer_1450,2,12,0.16666666666666666,Medium
Customer_1451,0,9,0.0,Low
Customer_1452,3,12,0.25,High
Customer_1453,3,10,0.3,Very High
Customer_1454,1,11,0.09090909090909091,Low
Customer_1455,1,6,0.16666666666666666,Medium
Customer_1456,1,17,0.058823529411764705,Low
Customer_1457,3,16,0.1875,Medium
Customer_1458,1,13,0.07692307692307693,Low
Customer_1459,0,9,0.0,Low
Customer_146,0,27,0.0,Low
Customer_1460,1,10,0.1,Medium
Customer_1461,0,6,0.0,Low
Customer_1462,3,14,0.21428571428571427,High
Customer_1463,0,8,0.0,Low
Customer_1464,3,14,0.21428571428571427,High
Customer_1465,2,14,0.14285714285714285,Medium
Customer_1466,1,11,0.09090909090909091,Low
Customer_1467,0,5,0.0,Low
Customer_1468,2,12,0.16666666666666666,Medium
Customer_1469,0,3,0.0,Low
Customer_147,5,37,0.13513513513513514,Medium
Customer_1470,0,6,0.0,Low
Customer_1471,1,16,0.0625,Low
Customer_1472,5,23,0.21739130434782608,High
Customer_1473,2,11,0.18181818181818182,Medium
Customer_1474,1,15,0.06666666666666667,Low
Customer_1475,1,17,0.058823529411764705,Low
Customer_1476,6,24,0.25,High
Customer_1477,2,11,0.18181818181818182,Medium
Customer_1478,0,17,0.0,Low
Customer_1479,1,11,0.09090909090909091,Low
Customer_148,14,49,0.2857142857142857,High
Customer_1480,2,9,0.2222222222222222,High
Customer_1481,0,13,0.0,Low
Customer_1482,9,20,0.45,Very High
Customer_1483,0,10,0.0,Low
Customer_1484,0,4,0.0,Low
Customer_1485,0,10,0.0,Low
Customer_1486,2,14,0.14285714285714285,Medium
Customer_1487,0,9,0.0,Low
Customer_1488,1,13,0.07692307692307693,Low
Customer_1489,1,9,0.1111111111111111,Medium
Customer_149,1,32,0.03125,Low
Customer_1490,2,16,0.125,Medium
Customer_1491,1,11,0.09090909090909091,Low
Customer_1492,1,11,0.09090909090909091,Low
Customer_1493,0,8,0.0,Low
Customer_1494,0,13,0.0,Low
Customer_1495,2,14,0.14285714285714285,Medium
Customer_1496,3,18,0.16666666666666666,Medium
Customer_1497,0,13,0.0,Low
Customer_1498,1,10,0.1,Medium
Customer_1499,1,10,0.1,Medium
Customer_15,5,44,0.11363636363636363,Medium
Customer_150,6,41,0.14634146341463414,Medium
Customer_1500,5,22,0.22727272727272727,High
Customer_1501,1,6,0.16666666666666666,Medium
Customer_1502,0,11,0.0,Low
Customer_1503,1,11,0.09090909090909091,Low
Customer_1504,0,13,0.0,Low
Customer_1505,1,16,0.0625,Low
Customer_1506,0,6,0.0,Low
Customer_1507,0,10,0.0,Low
Customer_1508,1,9,0.1111111111111111,Medium
Customer_1509,3,18,0.16666666666666666,Medium
Customer_151,6,48,0.125,Medium
Customer_1510,2,15,0.13333333333333333,Medium
Customer_1511,6,17,0.35294117647058826,Very High
Customer_1512,0,12,0.0,Low
Customer_1513,0,5,0.0,Low
Customer_1514,0,12,0.0,Low
Customer_1515,0,4,0.0,Low
Customer_1516,3,13,0.23076923076923078,High
Customer_1517,4,20,0.2,High
Customer_1518,0,9,0.0,Low
Customer_1519,5,17,0.29411764705882354,High
Customer_152,10,48,0.20833333333333334,High
Customer_1520,1,13,0.07692307692307693,Low
Customer_1521,3,11,0.2727272727272727,High
Customer_1522,0,5,0.0,Low
Customer_1523,1,12,0.08333333333333333,Low
Customer_1524,2,13,0.15384615384615385,Medium
Customer_1525,1,13,0.07692307692307693,Low
Customer_1526,2,10,0.2,High
Customer_1527,2,8,0.25,High
Customer_1528,6,13,0.46153846153846156,Very High
Customer_1529,0,7,0.0,Low
Customer_153,2,33,0.06060606060606061,Low
Customer_1530,0,8,0.0,Low
Customer_1531,2,16,0.125,Medium
Customer_1532,0,8,0.0,Low
Customer_1533,1,10,0.1,Medium
Customer_1534,2,9,0.2222222222222222,High
Customer_1535,3,9,0.3333333333333333,Very High
Customer_1536,0,5,0.0,Low
Customer_1537,0,7,0.0,Low
Customer_1538,0,9,0.0,Low
Customer_1539,0,12,0.0,Low
Customer_154,4,43,0.09302325581395349,Low
Customer_1540,1,11,0.09090909090909091,Low
Customer_1541,1,7,0.14285714285714285,Medium
Customer_1542,0,7,0.0,Low
Customer_1543,0,8,0.0,Low
Customer_1544,0,11,0.0,Low
Customer_1545,0,6,0.0,Low
Customer_1546,0,11,0.0,Low
Customer_1547,0,8,0.0,Low
Customer_1548,1,11,0.09090909090909091,Low
Customer_1549,1,12,0.08333333333333333,Low
Customer_155,2,47,0.0425531914893617,Low
Customer_1550,2,12,0.16666666666666666,Medium
Customer_1551,0,7,0.0,Low
Customer_1552,0,12,0.0,Low
Customer_1553,1,8,0.125,Medium
Customer_1554,1,12,0.08333333333333333,Low
Customer_1555,5,16,0.3125,Very High
Customer_1556,3,15,0.2,High
Customer_1557,2,6,0.3333333333333333,Very High
Customer_1558,3,15,0.2,High
Customer_1559,2,10,0.2,High
Customer_156,7,58,0.1206896551724138,Medium
Customer_1560,1,8,0.125,Medium
Customer_1561,1,6,0.16666666666666666,Medium
Customer_1562,1,9,0.1111111111111111,Medium
Customer_1563,6,18,0.3333333333333333,Very High
Customer_1564,2,18,0.1111111111111111,Medium
Customer_1565,0,4,0.0,Low
Customer_1566,2,11,0.18181818181818182,Medium
Customer_1567,1,11,0.09090909090909091,Low
Customer_1568,7,20,0.35,Very High
Customer_1569,1,12,0.08333333333333333,Low
Customer_157,4,34,0.11764705882352941,Medium
Customer_1570,5,19,0.2631578947368421,High
Customer_1571,4,20,0.2,High
Customer_1572,0,6,0.0,Low
Customer_1573,1,9,0.1111111111111111,Medium
Customer_1574,1,10,0.1,Medium
Customer_1575,1,11,0.09090909090909091,Low
Customer_1576,1,15,0.06666666666666667,Low
Customer_1577,2,11,0.18181818181818182,Medium
Customer_1578,1,11,0.09090909090909091,Low
Customer_1579,0,1,0.0,Low
Customer_158,6,47,0.1276595744680851,Medium
Customer_1580,5,17,0.29411764705882354,High
Customer_1581,2,10,0.2,High
Customer_1582,1,10,0.1,Medium
Customer_1583,1,10,0.1,Medium
Customer_1584,1,10,0.1,Medium
Customer_1585,0,3,0.0,Low
Customer_1586,1,15,0.06666666666666667,Low
Customer_1587,1,10,0.1,Medium
Customer_1588,1,14,0.07142857142857142,Low
Customer_1589,3,12,0.25,High
Customer_159,7,45,0.15555555555555556,Medium
Customer_1590,0,8,0.0,Low
Customer_1591,0,2,0.0,Low
Customer_1592,1,10,0.1,Medium
Customer_1593,0,8,0.0,Low
Customer_1594,2,6,0.3333333333333333,Very High
Customer_1595,0,7,0.0,Low
Customer_1596,0,5,0.0,Low
Customer_1597,1,13,0.07692307692307693,Low
Customer_1598,0,2,0.0,Low
Customer_1599,0,8,0.0,Low
Customer_16,4,37,0.10810810810810811,Medium
Customer_160,8,57,0.14035087719298245,Medium
Customer_1600,0,2,0.0,Low
Customer_1601,0,2,0.0,Low
Customer_1602,0,5,0.0,Low
Customer_1603,3,12,0.25,High
Customer_1604,2,8,0.25,High
Customer_1605,0,9,0.0,Low
Customer_1606,0,7,0.0,Low
Customer_1607,2,11,0.18181818181818182,Medium
Customer_1608,3,15,0.2,High
Customer_1609,0,9,0.0,Low
Customer_161,8,38,0.21052631578947367,High
Customer_1610,1,11,0.09090909090909091,Low
Customer_1611,1,12,0.08333333333333333,Low
Customer_1612,0,5,0.0,Low
Customer_1613,1,8,0.125,Medium
Customer_1614,0,3,0.0,Low
Customer_1615,2,8,0.25,High
Customer_1616,0,1,0.0,Low
Customer_1617,2,11,0.18181818181818182,Medium
Customer_1618,1,9,0.1111111111111111,Medium
Customer_1619,0,12,0.0,Low
Customer_162,4,38,0.10526315789473684,Medium
Customer_1620,0,4,0.0,Low
Customer_1621,1,8,0.125,Medium
Customer_1622,1,6,0.16666666666666666,Medium
Customer_1623,0,6,0.0,Low
Customer_1624,0,8,0.0,Low
Customer_1625,1,8,0.125,Medium
Customer_1626,0,8,0.0,Low
Customer_1627,0,2,0.0,Low
Customer_1628,0,1,0.0,Low
Customer_1629,0,3,0.0,Low
Customer_163,4,20,0.2,High
Customer_1630,0,7,0.0,Low
Customer_1631,0,2,0.0,Low
Customer_1632,0,5,0.0,Low
Customer_1633,2,6,0.3333333333333333,Very High
Customer_1634,0,1,0.0,Low
Customer_1635,3,10,0.3,Very High
Customer_1636,0,5,0.0,Low
Customer_1637,2,4,0.5,Very High
Customer_1638,1,6,0.16666666666666666,Medium
Customer_1639,1,4,0.25,High
Customer_164,6,47,0.1276595744680851,Medium
Customer_1640,0,5,0.0,Low
Customer_1641,0,8,0.0,Low
Customer_1642,1,9,0.1111111111111111,Medium
Customer_1643,0,1,0.0,Low
Customer_1644,0,7,0.0,Low
Customer_1645,4,16,0.25,High
Customer_1646,0,4,0.0,Low
Customer_1647,0,5,0.0,Low
Customer_1648,3,9,0.3333333333333333,Very High
Customer_1649,0,5,0.0,Low
Customer_165,6,41,0.14634146341463414,Medium
Customer_1650,0,4,0.0,Low
Customer_1651,1,8,0.125,Medium
Customer_1652,1,5,0.2,High
Customer_1653,0,2,0.0,Low
Customer_1654,0,5,0.0,Low
Customer_1655,1,6,0.16666666666666666,Medium
Customer_1656,1,5,0.2,High
Customer_1657,2,8,0.25,High
Customer_1659,0,4,0.0,Low
Customer_166,10,50,0.2,High
Customer_1661,0,2,0.0,Low
Customer_1662,0,4,0.0,Low
Customer_1663,2,7,0.2857142857142857,High
Customer_1664,0,2,0.0,Low
Customer_1665,6,13,0.46153846153846156,Very High
Customer_1666,0,2,0.0,Low
Customer_1667,1,4,0.25,High
Customer_1668,2,7,0.2857142857142857,High
Customer_1669,4,10,0.4,Very High
Customer_167,0,24,0.0,Low
Customer_1670,3,6,0.5,Very High
Customer_1671,0,1,0.0,Low
Customer_1672,0,1,0.0,Low
Customer_1673,0,2,0.0,Low
Customer_1674,0,3,0.0,Low
Customer_1675,0,3,0.0,Low
Customer_1676,0,3,0.0,Low
Customer_1677,0,7,0.0,Low
Customer_1678,0,2,0.0,Low
Customer_1679,0,3,0.0,Low
Customer_168,7,52,0.1346153846153846,Medium
Customer_1680,0,3,0.0,Low
Customer_1681,0,5,0.0,Low
Customer_1682,0,2,0.0,Low
Customer_1683,0,4,0.0,Low
Customer_1684,0,2,0.0,Low
Customer_1685,2,6,0.3333333333333333,Very High
Customer_1686,1,4,0.25,High
Customer_1687,1,2,0.5,Very High
Customer_1688,0,1,0.0,Low
Customer_1689,4,8,0.5,Very High
Customer_169,2,33,0.06060606060606061,Low
Customer_1690,0,1,0.0,Low
Customer_1691,1,4,0.25,High
Customer_1692,1,2,0.5,Very High
Customer_1693,1,4,0.25,High
Customer_1694,0,2,0.0,Low
Customer_1695,0,3,0.0,Low
Customer_1697,0,3,0.0,Low
Customer_1698,1,3,0.3333333333333333,Very High
Customer_1699,0,3,0.0,Low
Customer_17,7,40,0.175,Medium
Customer_170,4,34,0.11764705882352941,Medium
Customer_1700,0,1,0.0,Low
Customer_1702,0,1,0.0,Low
Customer_1703,0,1,0.0,Low
Customer_1705,0,2,0.0,Low
Customer_1708,1,5,0.2,High
Customer_171,5,49,0.10204081632653061,Medium
Customer_1710,1,2,0.5,Very High
Customer_1712,0,1,0.0,Low
Customer_1716,0,1,0.0,Low
Customer_1717,0,1,0.0,Low
Customer_172,6,49,0.12244897959183673,Medium
Customer_1721,0,2,0.0,Low
Customer_1727,1,2,0.5,Very High
Customer_173,1,28,0.03571428571428571,Low
Customer_1732,0,1,0.0,Low
Customer_174,3,36,0.08333333333333333,Low
Customer_175,3,31,0.0967741935483871,Low
Customer_176,1,29,0.034482758620689655,Low
Customer_177,8,40,0.2,High
Customer_178,3,31,0.0967741935483871,Low
Customer_179,2,25,0.08,Low
Customer_18,3,27,0.1111111111111111,Medium
Customer_180,3,28,0.10714285714285714,Medium
Customer_181,1,35,0.02857142857142857,Low
Customer_182,1,22,0.045454545454545456,Low
Customer_183,7,36,0.19444444444444445,Medium
Customer_184,3,32,0.09375,Low
Customer_185,6,37,0.16216216216216217,Medium
Customer_186,3,30,0.1,Medium
Customer_187,0,41,0.0,Low
Customer_188,4,28,0.14285714285714285,Medium
Customer_189,9,44,0.20454545454545456,High
Customer_19,5,29,0.1724137931034483,Medium
Customer_190,4,35,0.11428571428571428,Medium
Customer_191,2,26,0.07692307692307693,Low
Customer_192,6,52,0.11538461538461539,Medium
Customer_193,9,35,0.2571428571428571,High
Customer_194,2,24,0.08333333333333333,Low
Customer_195,4,34,0.11764705882352941,Medium
Customer_196,4,40,0.1,Medium
Customer_197,4,33,0.12121212121212122,Medium
Customer_198,7,46,0.15217391304347827,Medium
Customer_199,5,36,0.1388888888888889,Medium
Customer_2,3,33,0.09090909090909091,Low
Customer_20,7,48,0.14583333333333334,Medium
Customer_200,5,33,0.15151515151515152,Medium
Customer_201,0,20,0.0,Low
Customer_202,8,57,0.14035087719298245,Medium
Customer_203,8,38,0.21052631578947367,High
Customer_204,4,38,0.10526315789473684,Medium
Customer_205,3,35,0.08571428571428572,Low
Customer_206,3,35,0.08571428571428572,Low
Customer_207,6,43,0.13953488372093023,Medium
Customer_208,4,28,0.14285714285714285,Medium
Customer_209,2,22,0.09090909090909091,Low
Customer_21,4,36,0.1111111111111111,Medium
Customer_210,1,41,0.024390243902439025,Low
Customer_211,5,48,0.10416666666666667,Medium
Customer_212,2,34,0.058823529411764705,Low
Customer_213,2,23,0.08695652173913043,Low
Customer_214,4,23,0.17391304347826086,Medium
Customer_215,5,36,0.1388888888888889,Medium
Customer_216,3,36,0.08333333333333333,Low
Customer_217,4,38,0.10526315789473684,Medium
Customer_218,3,43,0.06976744186046512,Low
Customer_219,6,41,0.14634146341463414,Medium
Customer_22,7,44,0.1590909090909091,Medium
Customer_220,5,43,0.11627906976744186,Medium
Customer_221,2,28,0.07142857142857142,Low
Customer_222,4,34,0.11764705882352941,Medium
Customer_223,4,30,0.13333333333333333,Medium
Customer_224,3,34,0.08823529411764706,Low
Customer_225,4,35,0.11428571428571428,Medium
Customer_226,3,33,0.09090909090909091,Low
Customer_227,4,33,0.12121212121212122,Medium
Customer_228,3,33,0.09090909090909091,Low
Customer_229,4,31,0.12903225806451613,Medium
Customer_23,4,38,0.10526315789473684,Medium
Customer_230,2,23,0.08695652173913043,Low
Customer_231,4,39,0.10256410256410256,Medium
Customer_232,4,45,0.08888888888888889,Low
Customer_233,3,42,0.07142857142857142,Low
Customer_234,5,25,0.2,High
Customer_235,4,35,0.11428571428571428,Medium
Customer_236,2,28,0.07142857142857142,Low
Customer_237,1,31,0.03225806451612903,Low
Customer_238,4,35,0.11428571428571428,Medium
Customer_239,4,26,0.15384615384615385,Medium
Customer_24,0,29,0.0,Low
Customer_240,6,26,0.23076923076923078,High
Customer_241,2,26,0.07692307692307693,Low
Customer_242,9,50,0.18,Medium
Customer_243,5,33,0.15151515151515152,Medium
Customer_244,6,41,0.14634146341463414,Medium
Customer_245,2,42,0.047619047619047616,Low
Customer_246,6,45,0.13333333333333333,Medium
Customer_247,1,27,0.037037037037037035,Low
Customer_248,3,35,0.08571428571428572,Low
Customer_249,6,39,0.15384615384615385,Medium
Customer_25,7,38,0.18421052631578946,Medium
Customer_250,13,47,0.2765957446808511,High
Customer_251,2,28,0.07142857142857142,Low
Customer_252,3,32,0.09375,Low
Customer_253,2,20,0.1,Medium
Customer_254,1,36,0.027777777777777776,Low
Customer_255,4,38,0.10526315789473684,Medium
Customer_256,11,52,0.21153846153846154,High
Customer_257,2,31,0.06451612903225806,Low
Customer_258,2,29,0.06896551724137931,Low
Customer_259,5,35,0.14285714285714285,Medium
Customer_26,6,41,0.14634146341463414,Medium
Customer_260,4,26,0.15384615384615385,Medium
Customer_261,2,31,0.06451612903225806,Low
Customer_262,2,23,0.08695652173913043,Low
Customer_263,7,51,0.13725490196078433,Medium
Customer_264,4,40,0.1,Medium
Customer_265,5,40,0.125,Medium
Customer_266,3,25,0.12,Medium
Customer_267,9,61,0.14754098360655737,Medium
Customer_268,6,41,0.14634146341463414,Medium
Customer_269,3,32,0.09375,Low
Customer_27,5,29,0.1724137931034483,Medium
Customer_270,10,50,0.2,High
Customer_271,4,29,0.13793103448275862,Medium
Customer_272,3,33,0.09090909090909091,Low
Customer_273,2,40,0.05,Low
Customer_274,5,40,0.125,Medium
Customer_275,5,35,0.14285714285714285,Medium
Customer_276,6,39,0.15384615384615385,Medium
Customer_277,1,28,0.03571428571428571,Low
Customer_278,6,37,0.16216216216216217,Medium
Customer_279,4,39,0.10256410256410256,Medium
Customer_28,4,42,0.09523809523809523,Low
Customer_280,6,43,0.13953488372093023,Medium
Customer_281,8,33,0.24242424242424243,High
Customer_282,8,43,0.18604651162790697,Medium
Customer_283,6,34,0.17647058823529413,Medium
Customer_284,8,45,0.17777777777777778,Medium
Customer_285,6,41,0.14634146341463414,Medium
Customer_286,7,43,0.16279069767441862,Medium
Customer_287,11,51,0.21568627450980393,High
Customer_288,3,36,0.08333333333333333,Low
Customer_289,1,32,0.03125,Low
Customer_29,5,66,0.07575757575757576,Low
Customer_290,3,43,0.06976744186046512,Low
Customer_291,6,50,0.12,Medium
Customer_292,1,33,0.030303030303030304,Low
Customer_293,3,29,0.10344827586206896,Medium
Customer_294,1,32,0.03125,Low
Customer_295,2,25,0.08,Low
Customer_296,6,64,0.09375,Low
Customer_297,1,30,0.03333333333333333,Low
Customer_298,4,36,0.1111111111111111,Medium
Customer_299,3,45,0.06666666666666667,Low
Customer_3,5,49,0.10204081632653061,Medium
Customer_30,1,30,0.03333333333333333,Low
Customer_300,3,21,0.14285714285714285,Medium
Customer_301,2,35,0.05714285714285714,Low
Customer_302,6,42,0.14285714285714285,Medium
Customer_303,3,20,0.15,Medium
Customer_304,5,41,0.12195121951219512,Medium
Customer_305,4,35,0.11428571428571428,Medium
Customer_306,8,49,0.16326530612244897,Medium
Customer_307,4,35,0.11428571428571428,Medium
Customer_308,4,37,0.10810810810810811,Medium
Customer_309,7,42,0.16666666666666666,Medium
Customer_31,8,37,0.21621621621621623,High
Customer_310,2,42,0.047619047619047616,Low
Customer_311,4,35,0.11428571428571428,Medium
Customer_312,5,36,0.1388888888888889,Medium
Customer_313,7,45,0.15555555555555556,Medium
Customer_314,4,34,0.11764705882352941,Medium
Customer_315,3,40,0.075,Low
Customer_316,8,41,0.1951219512195122,Medium
Customer_317,3,35,0.08571428571428572,Low
Customer_318,8,34,0.23529411764705882,High
Customer_319,1,33,0.030303030303030304,Low
Customer_32,7,50,0.14,Medium
Customer_320,4,45,0.08888888888888889,Low
Customer_321,0,29,0.0,Low
Customer_322,12,53,0.22641509433962265,High
Customer_323,4,46,0.08695652173913043,Low
Customer_324,9,48,0.1875,Medium
Customer_325,3,36,0.08333333333333333,Low
Customer_326,8,47,0.1702127659574468,Medium
Customer_327,8,44,0.18181818181818182,Medium
Customer_328,3,28,0.10714285714285714,Medium
Customer_329,5,45,0.1111111111111111,Medium
Customer_33,8,46,0.17391304347826086,Medium
Customer_330,7,36,0.19444444444444445,Medium
Customer_331,5,37,0.13513513513513514,Medium
Customer_332,3,32,0.09375,Low
Customer_333,8,47,0.1702127659574468,Medium
Customer_334,5,46,0.10869565217391304,Medium
Customer_335,1,25,0.04,Low
Customer_336,8,45,0.17777777777777778,Medium
Customer_337,7,48,0.14583333333333334,Medium
Customer_338,5,44,0.11363636363636363,Medium
Customer_339,16,70,0.22857142857142856,High
Customer_34,3,35,0.08571428571428572,Low
Customer_340,5,38,0.13157894736842105,Medium
Customer_341,11,52,0.21153846153846154,High
Customer_342,3,28,0.10714285714285714,Medium
Customer_343,11,52,0.21153846153846154,High
Customer_344,3,46,0.06521739130434782,Low
Customer_345,5,34,0.14705882352941177,Medium
Customer_346,4,49,0.08163265306122448,Low
Customer_347,5,46,0.10869565217391304,Medium
Customer_348,4,44,0.09090909090909091,Low
Customer_349,5,50,0.1,Medium
Customer_35,9,47,0.19148936170212766,Medium
Customer_350,2,33,0.06060606060606061,Low
Customer_351,15,69,0.21739130434782608,High
Customer_352,7,31,0.22580645161290322,High
Customer_353,0,31,0.0,Low
Customer_354,2,22,0.09090909090909091,Low
Customer_355,3,26,0.11538461538461539,Medium
Customer_356,9,51,0.17647058823529413,Medium
Customer_357,4,39,0.10256410256410256,Medium
Customer_358,4,42,0.09523809523809523,Low
Customer_359,11,49,0.22448979591836735,High
Customer_36,3,23,0.13043478260869565,Medium
Customer_360,4,34,0.11764705882352941,Medium
Customer_361,3,40,0.075,Low
Customer_362,1,28,0.03571428571428571,Low
Customer_363,2,36,0.05555555555555555,Low
Customer_364,5,41,0.12195121951219512,Medium
Customer_365,3,36,0.08333333333333333,Low
Customer_366,4,37,0.10810810810810811,Medium
Customer_367,2,29,0.06896551724137931,Low
Customer_368,2,33,0.06060606060606061,Low
Customer_369,2,34,0.058823529411764705,Low
Customer_37,1,29,0.034482758620689655,Low
Customer_370,3,37,0.08108108108108109,Low
Customer_371,5,35,0.14285714285714285,Medium
Customer_372,5,41,0.12195121951219512,Medium
Customer_373,8,48,0.16666666666666666,Medium
Customer_374,6,42,0.14285714285714285,Medium
Customer_375,6,32,0.1875,Medium
Customer_376,2,26,0.07692307692307693,Low
Customer_377,6,42,0.14285714285714285,Medium
Customer_378,5,35,0.14285714285714285,Medium
Customer_379,5,43,0.11627906976744186,Medium
Customer_38,7,40,0.175,Medium
Customer_380,6,58,0.10344827586206896,Medium
Customer_381,12,55,0.21818181818181817,High
Customer_382,12,54,0.2222222222222222,High
Customer_383,8,45,0.17777777777777778,Medium
Customer_384,5,39,0.1282051282051282,Medium
Customer_385,6,44,0.13636363636363635,Medium
Customer_386,1,36,0.027777777777777776,Low
Customer_387,2,31,0.06451612903225806,Low
Customer_388,4,48,0.08333333333333333,Low
Customer_389,1,29,0.034482758620689655,Low
Customer_39,2,25,0.08,Low
Customer_390,4,36,0.1111111111111111,Medium
Customer_391,5,36,0.1388888888888889,Medium
Customer_392,3,18,0.16666666666666666,Medium
Customer_393,2,34,0.058823529411764705,Low
Customer_394,5,45,0.1111111111111111,Medium
Customer_395,5,44,0.11363636363636363,Medium
Customer_396,7,33,0.21212121212121213,High
Customer_397,1,34,0.029411764705882353,Low
Customer_398,3,34,0.08823529411764706,Low
Customer_399,3,40,0.075,Low
Customer_4,3,34,0.08823529411764706,Low
Customer_40,4,51,0.0784313725490196,Low
Customer_400,4,32,0.125,Medium
Customer_401,6,35,0.17142857142857143,Medium
Customer_402,8,35,0.22857142857142856,High
Customer_403,7,40,0.175,Medium
Customer_404,4,35,0.11428571428571428,Medium
Customer_405,10,54,0.18518518518518517,Medium
Customer_406,3,36,0.08333333333333333,Low
Customer_407,4,31,0.12903225806451613,Medium
Customer_408,7,40,0.175,Medium
Customer_409,7,34,0.20588235294117646,High
Customer_41,4,41,0.0975609756097561,Low
Customer_410,5,39,0.1282051282051282,Medium
Customer_411,5,48,0.10416666666666667,Medium
Customer_412,2,46,0.043478260869565216,Low
Customer_413,4,39,0.10256410256410256,Medium
Customer_414,4,43,0.09302325581395349,Low
Customer_415,8,38,0.21052631578947367,High
Customer_416,5,41,0.12195121951219512,Medium
Customer_417,18,65,0.27692307692307694,High
Customer_418,5,33,0.15151515151515152,Medium
Customer_419,1,37,0.02702702702702703,Low
Customer_42,2,26,0.07692307692307693,Low
Customer_420,5,49,0.10204081632653061,Medium
Customer_421,3,33,0.09090909090909091,Low
Customer_422,4,57,0.07017543859649122,Low
Customer_423,1,32,0.03125,Low
Customer_424,5,35,0.14285714285714285,Medium
Customer_425,6,31,0.1935483870967742,Medium
Customer_426,6,47,0.1276595744680851,Medium
Customer_427,4,35,0.11428571428571428,Medium
Customer_428,5,32,0.15625,Medium
Customer_429,0,22,0.0,Low
Customer_43,4,50,0.08,Low
Customer_430,6,39,0.15384615384615385,Medium
Customer_431,3,33,0.09090909090909091,Low
Customer_432,7,48,0.14583333333333334,Medium
Customer_433,1,37,0.02702702702702703,Low
Customer_434,2,35,0.05714285714285714,Low
Customer_435,7,45,0.15555555555555556,Medium
Customer_436,2,39,0.05128205128205128,Low
Customer_437,4,39,0.10256410256410256,Medium
Customer_438,3,28,0.10714285714285714,Medium
Customer_439,4,35,0.11428571428571428,Medium
Customer_44,3,45,0.06666666666666667,Low
Customer_440,5,53,0.09433962264150944,Low
Customer_441,5,38,0.13157894736842105,Medium
Customer_442,4,32,0.125,Medium
Customer_443,8,63,0.12698412698412698,Medium
Customer_444,4,45,0.08888888888888889,Low
Customer_445,2,44,0.045454545454545456,Low
Customer_446,5,34,0.14705882352941177,Medium
Customer_447,4,42,0.09523809523809523,Low
Customer_448,3,54,0.05555555555555555,Low
Customer_449,5,43,0.11627906976744186,Medium
Customer_45,3,37,0.08108108108108109,Low
Customer_450,5,40,0.125,Medium
Customer_451,3,38,0.07894736842105263,Low
Customer_452,1,24,0.041666666666666664,Low
Customer_453,2,27,0.07407407407407407,Low
Customer_454,2,25,0.08,Low
Customer_455,9,57,0.15789473684210525,Medium
Customer_456,2,31,0.06451612903225806,Low
Customer_457,8,43,0.18604651162790697,Medium
Customer_458,1,43,0.023255813953488372,Low
Customer_459,4,35,0.11428571428571428,Medium
Customer_46,9,54,0.16666666666666666,Medium
Customer_460,7,42,0.16666666666666666,Medium
Customer_461,4,32,0.125,Medium
Customer_462,4,43,0.09302325581395349,Low
Customer_463,3,38,0.07894736842105263,Low
Customer_464,3,46,0.06521739130434782,Low
Customer_465,6,47,0.1276595744680851,Medium
Customer_466,4,40,0.1,Medium
Customer_467,8,52,0.15384615384615385,Medium
Customer_468,13,57,0.22807017543859648,High
Customer_469,7,58,0.1206896551724138,Medium
Customer_47,6,31,0.1935483870967742,Medium
Customer_470,3,44,0.06818181818181818,Low
Customer_471,5,48,0.10416666666666667,Medium
Customer_472,3,43,0.06976744186046512,Low
Customer_473,12,51,0.23529411764705882,High
Customer_474,1,39,0.02564102564102564,Low
Customer_475,1,25,0.04,Low
Customer_476,3,37,0.08108108108108109,Low
Customer_477,6,43,0.13953488372093023,Medium
Customer_478,1,32,0.03125,Low
Customer_479,5,46,0.10869565217391304,Medium
Customer_48,1,28,0.03571428571428571,Low
Customer_480,8,63,0.12698412698412698,Medium
Customer_481,9,62,0.14516129032258066,Medium
Customer_482,3,38,0.07894736842105263,Low
Customer_483,5,35,0.14285714285714285,Medium
Customer_484,4,33,0.12121212121212122,Medium
Customer_485,0,29,0.0,Low
Customer_486,3,35,0.08571428571428572,Low
Customer_487,1,23,0.043478260869565216,Low
Customer_488,6,45,0.13333333333333333,Medium
Customer_489,1,25,0.04,Low
Customer_49,5,32,0.15625,Medium
Customer_490,0,18,0.0,Low
Customer_491,4,38,0.10526315789473684,Medium
Customer_492,3,34,0.08823529411764706,Low
Customer_493,12,60,0.2,High
Customer_494,5,45,0.1111111111111111,Medium
Customer_495,3,48,0.0625,Low
Customer_496,12,56,0.21428571428571427,High
Customer_497,2,40,0.05,Low
Customer_498,0,13,0.0,Low
Customer_499,9,47,0.19148936170212766,Medium
Customer_5,1,22,0.045454545454545456,Low
Customer_50,5,45,0.1111111111111111,Medium
Customer_500,0,27,0.0,Low
Customer_501,14,68,0.20588235294117646,High
Customer_502,7,36,0.19444444444444445,Medium
Customer_503,15,62,0.24193548387096775,High
Customer_504,1,31,0.03225806451612903,Low
Customer_505,3,26,0.11538461538461539,Medium
Customer_506,7,49,0.14285714285714285,Medium
Customer_507,12,46,0.2608695652173913,High
Customer_508,11,57,0.19298245614035087,Medium
Customer_509,2,34,0.058823529411764705,Low
Customer_51,1,32,0.03125,Low
Customer_510,9,49,0.1836734693877551,Medium
Customer_511,5,32,0.15625,Medium
Customer_512,3,28,0.10714285714285714,Medium
Customer_513,5,28,0.17857142857142858,Medium
Customer_514,8,55,0.14545454545454545,Medium
Customer_515,3,33,0.09090909090909091,Low
Customer_516,3,36,0.08333333333333333,Low
Customer_517,10,56,0.17857142857142858,Medium
Customer_518,4,46,0.08695652173913043,Low
Customer_519,8,48,0.16666666666666666,Medium
Customer_52,5,51,0.09803921568627451,Low
Customer_520,4,45,0.08888888888888889,Low
Customer_521,4,55,0.07272727272727272,Low
Customer_522,1,22,0.045454545454545456,Low
Customer_523,2,37,0.05405405405405406,Low
Customer_524,10,57,0.17543859649122806,Medium
Customer_525,5,45,0.1111111111111111,Medium
Customer_526,10,53,0.18867924528301888,Medium
Customer_527,4,48,0.08333333333333333,Low
Customer_528,16,89,0.1797752808988764,Medium
Customer_529,10,51,0.19607843137254902,Medium
Customer_53,4,43,0.09302325581395349,Low
Customer_530,10,52,0.19230769230769232,Medium
Customer_531,1,24,0.041666666666666664,Low
Customer_532,3,47,0.06382978723404255,Low
Customer_533,11,50,0.22,High
Customer_534,5,38,0.13157894736842105,Medium
Customer_535,6,52,0.11538461538461539,Medium
Customer_536,6,37,0.16216216216216217,Medium
Customer_537,2,44,0.045454545454545456,Low
Customer_538,3,34,0.08823529411764706,Low
Customer_539,3,41,0.07317073170731707,Low
Customer_54,3,30,0.1,Medium
Customer_540,14,51,0.27450980392156865,High
Customer_541,4,45,0.08888888888888889,Low
Customer_542,12,64,0.1875,Medium
Customer_543,2,32,0.0625,Low
Customer_544,12,53,0.22641509433962265,High
Customer_545,4,48,0.08333333333333333,Low
Customer_546,7,50,0.14,Medium
Customer_547,9,44,0.20454545454545456,High
Customer_548,12,69,0.17391304347826086,Medium
Customer_549,14,53,0.2641509433962264,High
Customer_55,1,23,0.043478260869565216,Low
Customer_550,5,34,0.14705882352941177,Medium
Customer_551,1,31,0.03225806451612903,Low
Customer_552,1,31,0.03225806451612903,Low
Customer_553,1,28,0.03571428571428571,Low
Customer_554,2,36,0.05555555555555555,Low
Customer_555,6,45,0.13333333333333333,Medium
Customer_556,6,53,0.11320754716981132,Medium
Customer_557,6,42,0.14285714285714285,Medium
Customer_558,2,30,0.06666666666666667,Low
Customer_559,2,25,0.08,Low
Customer_56,2,30,0.06666666666666667,Low
Customer_560,3,49,0.061224489795918366,Low
Customer_561,4,49,0.08163265306122448,Low
Customer_562,2,40,0.05,Low
Customer_563,3,45,0.06666666666666667,Low
Customer_564,5,38,0.13157894736842105,Medium
Customer_565,11,54,0.2037037037037037,High
Customer_566,7,51,0.13725490196078433,Medium
Customer_567,10,43,0.23255813953488372,High
Customer_568,9,46,0.1956521739130435,Medium
Customer_569,7,52,0.1346153846153846,Medium
Customer_57,2,41,0.04878048780487805,Low
Customer_570,9,57,0.15789473684210525,Medium
Customer_571,19,70,0.2714285714285714,High
Customer_572,1,19,0.05263157894736842,Low
Customer_573,3,38,0.07894736842105263,Low
Customer_574,8,37,0.21621621621621623,High
Customer_575,5,38,0.13157894736842105,Medium
Customer_576,1,25,0.04,Low
Customer_577,1,26,0.038461538461538464,Low
Customer_578,4,38,0.10526315789473684,Medium
Customer_579,4,34,0.11764705882352941,Medium
Customer_58,0,30,0.0,Low
Customer_580,3,48,0.0625,Low
Customer_581,23,70,0.32857142857142857,Very High
Customer_582,4,46,0.08695652173913043,Low
Customer_583,3,38,0.07894736842105263,Low
Customer_584,8,42,0.19047619047619047,Medium
Customer_585,8,35,0.22857142857142856,High
Customer_586,2,30,0.06666666666666667,Low
Customer_587,16,68,0.23529411764705882,High
Customer_588,6,39,0.15384615384615385,Medium
Customer_589,7,50,0.14,Medium
Customer_59,4,37,0.10810810810810811,Medium
Customer_590,4,35,0.11428571428571428,Medium
Customer_591,8,44,0.18181818181818182,Medium
Customer_592,11,54,0.2037037037037037,High
Customer_593,11,53,0.20754716981132076,High
Customer_594,8,40,0.2,High
Customer_595,4,34,0.11764705882352941,Medium
Customer_596,1,28,0.03571428571428571,Low
Customer_597,2,32,0.0625,Low
Customer_598,8,42,0.19047619047619047,Medium
Customer_599,3,27,0.1111111111111111,Medium
Customer_6,5,22,0.22727272727272727,High
Customer_60,4,30,0.13333333333333333,Medium
Customer_600,2,38,0.05263157894736842,Low
Customer_601,4,39,0.10256410256410256,Medium
Customer_602,7,43,0.16279069767441862,Medium
Customer_603,6,44,0.13636363636363635,Medium
Customer_604,2,31,0.06451612903225806,Low
Customer_605,7,55,0.12727272727272726,Medium
Customer_606,4,35,0.11428571428571428,Medium
Customer_607,7,57,0.12280701754385964,Medium
Customer_608,22,72,0.3055555555555556,Very High
Customer_609,10,51,0.19607843137254902,Medium
Customer_61,7,41,0.17073170731707318,Medium
Customer_610,9,47,0.19148936170212766,Medium
Customer_611,4,35,0.11428571428571428,Medium
Customer_612,11,63,0.1746031746031746,Medium
Customer_613,7,47,0.14893617021276595,Medium
Customer_614,7,63,0.1111111111111111,Medium
Customer_615,8,46,0.17391304347826086,Medium
Customer_616,6,37,0.16216216216216217,Medium
Customer_617,3,31,0.0967741935483871,Low
Customer_618,3,44,0.06818181818181818,Low
Customer_619,2,37,0.05405405405405406,Low
Customer_62,2,36,0.05555555555555555,Low
Customer_620,2,29,0.06896551724137931,Low
Customer_621,6,43,0.13953488372093023,Medium
Customer_622,9,55,0.16363636363636364,Medium
Customer_623,6,47,0.1276595744680851,Medium
Customer_624,5,32,0.15625,Medium
Customer_625,4,45,0.08888888888888889,Low
Customer_626,3,31,0.0967741935483871,Low
Customer_627,15,66,0.22727272727272727,High
Customer_628,8,45,0.17777777777777778,Medium
Customer_629,3,38,0.07894736842105263,Low
Customer_63,3,33,0.09090909090909091,Low
Customer_630,9,46,0.1956521739130435,Medium
Customer_631,3,35,0.08571428571428572,Low
Customer_632,9,54,0.16666666666666666,Medium
Customer_633,9,48,0.1875,Medium
Customer_634,1,20,0.05,Low
Customer_635,4,30,0.13333333333333333,Medium
Customer_636,10,57,0.17543859649122806,Medium
Customer_637,3,45,0.06666666666666667,Low
Customer_638,5,43,0.11627906976744186,Medium
Customer_639,7,46,0.15217391304347827,Medium
Customer_64,4,40,0.1,Medium
Customer_640,13,66,0.19696969696969696,Medium
Customer_641,3,32,0.09375,Low
Customer_642,3,36,0.08333333333333333,Low
Customer_643,5,60,0.08333333333333333,Low
Customer_644,8,51,0.1568627450980392,Medium
Customer_645,3,42,0.07142857142857142,Low
Customer_646,4,35,0.11428571428571428,Medium
Customer_647,2,34,0.058823529411764705,Low
Customer_648,7,43,0.16279069767441862,Medium
Customer_649,5,33,0.15151515151515152,Medium
Customer_65,3,39,0.07692307692307693,Low
Customer_650,7,38,0.18421052631578946,Medium
Customer_651,5,43,0.11627906976744186,Medium
Customer_652,5,43,0.11627906976744186,Medium
Customer_653,9,43,0.20930232558139536,High
Customer_654,24,105,0.22857142857142856,High
Customer_655,6,31,0.1935483870967742,Medium
Customer_656,14,74,0.1891891891891892,Medium
Customer_657,3,43,0.06976744186046512,Low
Customer_658,5,38,0.13157894736842105,Medium
Customer_659,6,50,0.12,Medium
Customer_66,4,38,0.10526315789473684,Medium
Customer_660,5,47,0.10638297872340426,Medium
Customer_661,14,59,0.23728813559322035,High
Customer_662,9,51,0.17647058823529413,Medium
Customer_663,11,58,0.1896551724137931,Medium
Customer_664,7,45,0.15555555555555556,Medium
Customer_665,2,29,0.06896551724137931,Low
Customer_666,8,43,0.18604651162790697,Medium
Customer_667,19,62,0.3064516129032258,Very High
Customer_668,6,44,0.13636363636363635,Medium
Customer_669,4,34,0.11764705882352941,Medium
Customer_67,0,26,0.0,Low
Customer_670,6,43,0.13953488372093023,Medium
Customer_671,4,49,0.08163265306122448,Low
Customer_672,8,44,0.18181818181818182,Medium
Customer_673,1,17,0.058823529411764705,Low
Customer_674,1,41,0.024390243902439025,Low
Customer_675,13,53,0.24528301886792453,High
Customer_676,3,34,0.08823529411764706,Low
Customer_677,8,51,0.1568627450980392,Medium
Customer_678,4,34,0.11764705882352941,Medium
Customer_679,7,61,0.11475409836065574,Medium
Customer_68,1,29,0.034482758620689655,Low
Customer_680,10,42,0.23809523809523808,High
Customer_681,0,35,0.0,Low
Customer_682,4,34,0.11764705882352941,Medium
Customer_683,3,22,0.13636363636363635,Medium
Customer_684,5,28,0.17857142857142858,Medium
Customer_685,3,40,0.075,Low
Customer_686,11,66,0.16666666666666666,Medium
Customer_687,6,39,0.15384615384615385,Medium
Customer_688,4,36,0.1111111111111111,Medium
Customer_689,8,42,0.19047619047619047,Medium
Customer_69,9,49,0.1836734693877551,Medium
Customer_690,10,51,0.19607843137254902,Medium
Customer_691,6,45,0.13333333333333333,Medium
Customer_692,5,50,0.1,Medium
Customer_693,3,46,0.06521739130434782,Low
Customer_694,2,23,0.08695652173913043,Low
Customer_695,5,39,0.1282051282051282,Medium
Customer_696,4,46,0.08695652173913043,Low
Customer_697,5,43,0.11627906976744186,Medium
Customer_698,6,51,0.11764705882352941,Medium
Customer_699,2,26,0.07692307692307693,Low
Customer_7,1,19,0.05263157894736842,Low
Customer_70,4,46,0.08695652173913043,Low
Customer_700,2,24,0.08333333333333333,Low
Customer_701,5,32,0.15625,Medium
Customer_702,8,57,0.14035087719298245,Medium
Customer_703,20,60,0.3333333333333333,Very High
Customer_704,6,38,0.15789473684210525,Medium
Customer_705,6,34,0.17647058823529413,Medium
Customer_706,5,42,0.11904761904761904,Medium
Customer_707,5,41,0.12195121951219512,Medium
Customer_708,11,46,0.2391304347826087,High
Customer_709,5,39,0.1282051282051282,Medium
Customer_71,1,37,0.02702702702702703,Low
Customer_710,8,50,0.16,Medium
Customer_711,1,30,0.03333333333333333,Low
Customer_712,3,26,0.11538461538461539,Medium
Customer_713,13,63,0.20634920634920634,High
Customer_714,3,21,0.14285714285714285,Medium
Customer_715,5,41,0.12195121951219512,Medium
Customer_716,14,49,0.2857142857142857,High
Customer_717,8,52,0.15384615384615385,Medium
Customer_718,10,65,0.15384615384615385,Medium
Customer_719,3,35,0.08571428571428572,Low
Customer_72,5,34,0.14705882352941177,Medium
Customer_720,7,36,0.19444444444444445,Medium
Customer_721,4,44,0.09090909090909091,Low
Customer_722,5,31,0.16129032258064516,Medium
Customer_723,9,60,0.15,Medium
Customer_724,5,32,0.15625,Medium
Customer_725,3,33,0.09090909090909091,Low
Customer_726,3,24,0.125,Medium
Customer_727,4,39,0.10256410256410256,Medium
Customer_728,14,67,0.208955223880597,High
Customer_729,7,44,0.1590909090909091,Medium
Customer_73,9,49,0.1836734693877551,Medium
Customer_730,4,38,0.10526315789473684,Medium
Customer_731,3,31,0.0967741935483871,Low
Customer_732,4,29,0.13793103448275862,Medium
Customer_733,9,53,0.16981132075471697,Medium
Customer_734,11,45,0.24444444444444444,High
Customer_735,9,47,0.19148936170212766,Medium
Customer_736,4,24,0.16666666666666666,Medium
Customer_737,3,42,0.07142857142857142,Low
Customer_738,8,47,0.1702127659574468,Medium
Customer_739,4,41,0.0975609756097561,Low
Customer_74,1,37,0.02702702702702703,Low
Customer_740,13,52,0.25,High
Customer_741,7,45,0.15555555555555556,Medium
Customer_742,6,56,0.10714285714285714,Medium
Customer_743,2,27,0.07407407407407407,Low
Customer_744,1,19,0.05263157894736842,Low
Customer_745,3,35,0.08571428571428572,Low
Customer_746,12,56,0.21428571428571427,High
Customer_747,16,65,0.24615384615384617,High
Customer_748,2,29,0.06896551724137931,Low
Customer_749,10,49,0.20408163265306123,High
Customer_75,10,53,0.18867924528301888,Medium
Customer_750,6,52,0.11538461538461539,Medium
Customer_751,3,26,0.11538461538461539,Medium
Customer_752,4,45,0.08888888888888889,Low
Customer_753,12,63,0.19047619047619047,Medium
Customer_754,3,32,0.09375,Low
Customer_755,3,36,0.08333333333333333,Low
Customer_756,3,39,0.07692307692307693,Low
Customer_757,4,37,0.10810810810810811,Medium
Customer_758,6,39,0.15384615384615385,Medium
Customer_759,13,54,0.24074074074074073,High
Customer_76,4,31,0.12903225806451613,Medium
Customer_760,3,29,0.10344827586206896,Medium
Customer_761,2,30,0.06666666666666667,Low
Customer_762,5,45,0.1111111111111111,Medium
Customer_763,3,28,0.10714285714285714,Medium
Customer_764,7,40,0.175,Medium
Customer_765,7,52,0.1346153846153846,Medium
Customer_766,5,37,0.13513513513513514,Medium
Customer_767,1,23,0.043478260869565216,Low
Customer_768,3,35,0.08571428571428572,Low
Customer_769,5,40,0.125,Medium
Customer_77,1,20,0.05,Low
Customer_770,13,57,0.22807017543859648,High
Customer_771,7,48,0.14583333333333334,Medium
Customer_772,8,49,0.16326530612244897,Medium
Customer_773,8,51,0.1568627450980392,Medium
Customer_774,6,35,0.17142857142857143,Medium
Customer_775,2,44,0.045454545454545456,Low
Customer_776,5,35,0.14285714285714285,Medium
Customer_777,14,57,0.24561403508771928,High
Customer_778,4,28,0.14285714285714285,Medium
Customer_779,2,31,0.06451612903225806,Low
Customer_78,5,56,0.08928571428571429,Low
Customer_780,8,41,0.1951219512195122,Medium
Customer_781,6,44,0.13636363636363635,Medium
Customer_782,4,24,0.16666666666666666,Medium
Customer_783,6,39,0.15384615384615385,Medium
Customer_784,6,42,0.14285714285714285,Medium
Customer_785,2,23,0.08695652173913043,Low
Customer_786,6,46,0.13043478260869565,Medium
Customer_787,8,55,0.14545454545454545,Medium
Customer_788,10,63,0.15873015873015872,Medium
Customer_789,6,55,0.10909090909090909,Medium
Customer_79,0,28,0.0,Low
Customer_790,4,42,0.09523809523809523,Low
Customer_791,4,40,0.1,Medium
Customer_792,7,46,0.15217391304347827,Medium
Customer_793,8,60,0.13333333333333333,Medium
Customer_794,4,39,0.10256410256410256,Medium
Customer_795,1,32,0.03125,Low
Customer_796,4,28,0.14285714285714285,Medium
Customer_797,13,69,0.18840579710144928,Medium
Customer_798,8,43,0.18604651162790697,Medium
Customer_799,4,33,0.12121212121212122,Medium
Customer_8,2,44,0.045454545454545456,Low
Customer_80,15,61,0.2459016393442623,High
Customer_800,0,17,0.0,Low
Customer_801,3,35,0.08571428571428572,Low
Customer_802,8,39,0.20512820512820512,High
Customer_803,0,28,0.0,Low
Customer_804,2,23,0.08695652173913043,Low
Customer_805,5,34,0.14705882352941177,Medium
Customer_806,3,31,0.0967741935483871,Low
Customer_807,1,20,0.05,Low
Customer_808,1,12,0.08333333333333333,Low
Customer_809,0,17,0.0,Low
Customer_81,8,45,0.17777777777777778,Medium
Customer_810,3,26,0.11538461538461539,Medium
Customer_811,2,23,0.08695652173913043,Low
Customer_812,2,22,0.09090909090909091,Low
Customer_813,4,37,0.10810810810810811,Medium
Customer_814,0,21,0.0,Low
Customer_815,4,32,0.125,Medium
Customer_816,2,14,0.14285714285714285,Medium
Customer_817,3,34,0.08823529411764706,Low
Customer_818,6,42,0.14285714285714285,Medium
Customer_819,0,16,0.0,Low
Customer_82,5,42,0.11904761904761904,Medium
Customer_820,1,19,0.05263157894736842,Low
Customer_821,4,22,0.18181818181818182,Medium
Customer_822,1,15,0.06666666666666667,Low
Customer_823,1,21,0.047619047619047616,Low
Customer_824,0,15,0.0,Low
Customer_825,2,39,0.05128205128205128,Low
Customer_826,2,12,0.16666666666666666,Medium
Customer_827,2,28,0.07142857142857142,Low
Customer_828,0,25,0.0,Low
Customer_829,7,38,0.18421052631578946,Medium
Customer_83,9,45,0.2,High
Customer_830,0,22,0.0,Low
Customer_831,8,45,0.17777777777777778,Medium
Customer_832,4,28,0.14285714285714285,Medium
Customer_833,2,20,0.1,Medium
Customer_834,2,24,0.08333333333333333,Low
Customer_835,2,23,0.08695652173913043,Low
Customer_836,1,35,0.02857142857142857,Low
Customer_837,3,31,0.0967741935483871,Low
Customer_838,3,29,0.10344827586206896,Medium
Customer_839,0,14,0.0,Low
Customer_84,2,31,0.06451612903225806,Low
Customer_840,6,37,0.16216216216216217,Medium
Customer_841,7,29,0.2413793103448276,High
Customer_842,5,36,0.1388888888888889,Medium
Customer_843,1,18,0.05555555555555555,Low
Customer_844,0,22,0.0,Low
Customer_845,2,21,0.09523809523809523,Low
Customer_846,3,30,0.1,Medium
Customer_847,1,21,0.047619047619047616,Low
Customer_848,1,14,0.07142857142857142,Low
Customer_849,2,30,0.06666666666666667,Low
Customer_85,3,27,0.1111111111111111,Medium
Customer_850,5,33,0.15151515151515152,Medium
Customer_851,1,39,0.02564102564102564,Low
Customer_852,4,24,0.16666666666666666,Medium
Customer_853,0,7,0.0,Low
Customer_854,3,27,0.1111111111111111,Medium
Customer_855,1,15,0.06666666666666667,Low
Customer_856,1,24,0.041666666666666664,Low
Customer_857,3,37,0.08108108108108109,Low
Customer_858,4,36,0.1111111111111111,Medium
Customer_859,0,9,0.0,Low
Customer_86,3,33,0.09090909090909091,Low
Customer_860,0,16,0.0,Low
Customer_861,2,26,0.07692307692307693,Low
Customer_862,6,42,0.14285714285714285,Medium
Customer_863,4,28,0.14285714285714285,Medium
Customer_864,0,20,0.0,Low
Customer_865,3,23,0.13043478260869565,Medium
Customer_866,2,21,0.09523809523809523,Low
Customer_867,3,33,0.09090909090909091,Low
Customer_868,0,16,0.0,Low
Customer_869,1,20,0.05,Low
Customer_87,7,44,0.1590909090909091,Medium
Customer_870,1,16,0.0625,Low
Customer_871,1,14,0.07142857142857142,Low
Customer_872,3,32,0.09375,Low
Customer_873,1,20,0.05,Low
Customer_874,2,32,0.0625,Low
Customer_875,0,17,0.0,Low
Customer_876,4,31,0.12903225806451613,Medium
Customer_877,1,9,0.1111111111111111,Medium
Customer_878,2,27,0.07407407407407407,Low
Customer_879,6,28,0.21428571428571427,High
Customer_88,4,29,0.13793103448275862,Medium
Customer_880,3,24,0.125,Medium
Customer_881,3,29,0.10344827586206896,Medium
Customer_882,3,19,0.15789473684210525,Medium
Customer_883,1,26,0.038461538461538464,Low
Customer_884,4,29,0.13793103448275862,Medium
Customer_885,0,20,0.0,Low
Customer_886,1,19,0.05263157894736842,Low
Customer_887,4,29,0.13793103448275862,Medium
Customer_888,0,13,0.0,Low
Customer_889,5,39,0.1282051282051282,Medium
Customer_89,8,49,0.16326530612244897,Medium
Customer_890,1,29,0.034482758620689655,Low
Customer_891,1,26,0.038461538461538464,Low
Customer_892,8,35,0.22857142857142856,High
Customer_893,0,19,0.0,Low
Customer_894,2,19,0.10526315789473684,Medium
Customer_895,4,32,0.125,Medium
Customer_896,0,18,0.0,Low
Customer_897,2,24,0.08333333333333333,Low
Customer_898,1,20,0.05,Low
Customer_899,1,11,0.09090909090909091,Low
Customer_9,1,23,0.043478260869565216,Low
Customer_90,6,39,0.15384615384615385,Medium
Customer_900,2,17,0.11764705882352941,Medium
Customer_901,1,18,0.05555555555555555,Low
Customer_902,0,24,0.0,Low
Customer_903,2,31,0.06451612903225806,Low
Customer_904,1,23,0.043478260869565216,Low
Customer_905,4,32,0.125,Medium
Customer_906,2,35,0.05714285714285714,Low
Customer_907,2,35,0.05714285714285714,Low
Customer_908,2,35,0.05714285714285714,Low
Customer_909,0,20,0.0,Low
Customer_91,6,43,0.13953488372093023,Medium
Customer_910,1,26,0.038461538461538464,Low
Customer_911,1,27,0.037037037037037035,Low
Customer_912,0,15,0.0,Low
Customer_913,1,17,0.058823529411764705,Low
Customer_914,4,26,0.15384615384615385,Medium
Customer_915,2,21,0.09523809523809523,Low
Customer_916,0,18,0.0,Low
Customer_917,9,44,0.20454545454545456,High
Customer_918,1,22,0.045454545454545456,Low
Customer_919,2,18,0.1111111111111111,Medium
Customer_92,2,29,0.06896551724137931,Low
Customer_920,0,23,0.0,Low
Customer_921,5,29,0.1724137931034483,Medium
Customer_922,4,27,0.14814814814814814,Medium
Customer_923,5,41,0.12195121951219512,Medium
Customer_924,9,51,0.17647058823529413,Medium
Customer_925,0,17,0.0,Low
Customer_926,0,21,0.0,Low
Customer_927,3,37,0.08108108108108109,Low
Customer_928,3,24,0.125,Medium
Customer_929,4,40,0.1,Medium
Customer_93,1,35,0.02857142857142857,Low
Customer_930,2,30,0.06666666666666667,Low
Customer_931,0,17,0.0,Low
Customer_932,1,12,0.08333333333333333,Low
Customer_933,2,28,0.07142857142857142,Low
Customer_934,2,10,0.2,High
Customer_935,3,24,0.125,Medium
Customer_936,2,20,0.1,Medium
Customer_937,1,20,0.05,Low
Customer_938,1,20,0.05,Low
Customer_939,1,20,0.05,Low
Customer_94,4,27,0.14814814814814814,Medium
Customer_940,2,18,0.1111111111111111,Medium
Customer_941,2,23,0.08695652173913043,Low
Customer_942,0,21,0.0,Low
Customer_943,4,34,0.11764705882352941,Medium
Customer_944,4,22,0.18181818181818182,Medium
Customer_945,1,21,0.047619047619047616,Low
Customer_946,6,36,0.16666666666666666,Medium
Customer_947,3,30,0.1,Medium
Customer_948,1,20,0.05,Low
Customer_949,0,18,0.0,Low
Customer_95,3,28,0.10714285714285714,Medium
Customer_950,3,23,0.13043478260869565,Medium
Customer_951,2,22,0.09090909090909091,Low
Customer_952,2,35,0.05714285714285714,Low
Customer_953,2,22,0.09090909090909091,Low
Customer_954,1,23,0.043478260869565216,Low
Customer_955,3,27,0.1111111111111111,Medium
Customer_956,4,34,0.11764705882352941,Medium
Customer_957,0,22,0.0,Low
Customer_958,4,26,0.15384615384615385,Medium
Customer_959,6,37,0.16216216216216217,Medium
Customer_96,6,39,0.15384615384615385,Medium
Customer_960,3,21,0.14285714285714285,Medium
Customer_961,1,23,0.043478260869565216,Low
Customer_962,2,15,0.13333333333333333,Medium
Customer_963,4,28,0.14285714285714285,Medium
Customer_964,2,35,0.05714285714285714,Low
Customer_965,1,15,0.06666666666666667,Low
Customer_966,3,21,0.14285714285714285,Medium
Customer_967,4,27,0.14814814814814814,Medium
Customer_968,5,35,0.14285714285714285,Medium
Customer_969,0,12,0.0,Low
Customer_97,2,27,0.07407407407407407,Low
Customer_970,2,24,0.08333333333333333,Low
Customer_971,1,22,0.045454545454545456,Low
Customer_972,2,18,0.1111111111111111,Medium
Customer_973,5,37,0.13513513513513514,Medium
Customer_974,4,27,0.14814814814814814,Medium
Customer_975,2,29,0.06896551724137931,Low
Customer_976,6,30,0.2,High
Customer_977,5,31,0.16129032258064516,Medium
Customer_978,5,40,0.125,Medium
Customer_979,2,17,0.11764705882352941,Medium
Customer_98,6,39,0.15384615384615385,Medium
Customer_980,1,20,0.05,Low
Customer_981,2,15,0.13333333333333333,Medium
Customer_982,2,22,0.09090909090909091,Low
Customer_983,0,12,0.0,Low
Customer_984,4,42,0.09523809523809523,Low
Customer_985,4,24,0.16666666666666666,Medium
Customer_986,0,15,0.0,Low
Customer_987,4,37,0.10810810810810811,Medium
Customer_988,4,27,0.14814814814814814,Medium
Customer_989,1,18,0.05555555555555555,Low
Customer_99,3,26,0.11538461538461539,Medium
Customer_990,2,16,0.125,Medium
Customer_991,2,30,0.06666666666666667,Low
Customer_992,2,24,0.08333333333333333,Low
Customer_993,2,27,0.07407407407407407,Low
Customer_994,2,23,0.08695652173913043,Low
Customer_995,1,18,0.05555555555555555,Low
Customer_996,1,30,0.03333333333333333,Low
Customer_997,5,34,0.14705882352941177,Medium
Customer_998,1,16,0.0625,Low
Customer_999,3,25,0.12,Medium
